[{"model": "main.pins", "pk": 26, "fields": {"title": "Park", "title_ar": "جي تي ايه العبرية", "title_he": "מפת אפטלינג", "title_en": "Park", "subtitle": "Park", "subtitle_ar": null, "subtitle_he": "Park", "subtitle_en": "Park", "pin_type": "Area Pin", "latitude": 71.04292292198338, "longitude": 51.185730001805354, "description": "Park", "description_ar": null, "description_he": "Park Lorem Ipsum", "description_en": "Park", "category": "Attraction", "category_ar": "Attraction", "category_he": "park", "category_en": "Attraction", "subcategory": null, "subcategory_ar": null, "subcategory_he": "park", "subcategory_en": null, "icon": "uploads/icons/park_NEcQOIB.png", "active_icon": "uploads/icons/poi_colored_6f7mNYj.png", "maxzoom": 5, "minzoom": 2, "project": 3, "location_image": "uploads/thumbnails/GTA Arabic/blood-rage_sx8BJEw.png", "accesibility_features": "{\"accesibility_features\":[]}", "more_info_link": null, "more_info_link_ar": null, "more_info_link_he": null, "more_info_link_en": null, "is_simple_pin": false}}, {"model": "main.pins", "pk": 27, "fields": {"title": "Hotel", "title_ar": "جي تي ايه العبرية", "title_he": "מפת פארק אפטלינג", "title_en": "Hotel", "subtitle": "Hotel", "subtitle_ar": null, "subtitle_he": null, "subtitle_en": "Hotel", "pin_type": "Area Pin", "latitude": -33.05710638556475, "longitude": -40.88479185328299, "description": "Lorem Ipsum", "description_ar": null, "description_he": null, "description_en": "Lorem Ipsum", "category": "hotel", "category_ar": "Attraction", "category_he": "Attraction", "category_en": "hotel", "subcategory": null, "subcategory_ar": null, "subcategory_he": null, "subcategory_en": null, "icon": "uploads/icons/overnight_xWLUYbH.png", "active_icon": "uploads/icons/coffin_uncolored.png", "maxzoom": 5, "minzoom": 2, "project": 3, "location_image": "uploads/thumbnails/pin_images/chaos-volley_AYSr8wp.png", "accesibility_features": "{\"accesibility_features\":[]}", "more_info_link": null, "more_info_link_ar": null, "more_info_link_he": null, "more_info_link_en": null, "is_simple_pin": false}}, {"model": "main.pins", "pk": 28, "fields": {"title": "Park House", "title_ar": "خريطة إيفتلينج", "title_he": "מפת אפטלינג", "title_en": "Park House", "subtitle": "Park House", "subtitle_ar": null, "subtitle_he": null, "subtitle_en": "Park House", "pin_type": "Area Pin", "latitude": 21.14356180749965, "longitude": 74.32583865342193, "description": "Park House", "description_ar": null, "description_he": null, "description_en": "Park House", "category": "park", "category_ar": "park", "category_he": "park", "category_en": "park", "subcategory": null, "subcategory_ar": null, "subcategory_he": null, "subcategory_en": null, "icon": "uploads/icons/park_NEcQOIB.png", "active_icon": "uploads/icons/poi_colored_6f7mNYj.png", "maxzoom": 5, "minzoom": 2, "project": 3, "location_image": "uploads/thumbnails/pin_images/image_2023-10-26_142252761_1.png", "accesibility_features": "{\"accesibility_features\":[]}", "more_info_link": null, "more_info_link_ar": null, "more_info_link_he": null, "more_info_link_en": null, "is_simple_pin": false}}, {"model": "main.pins", "pk": 29, "fields": {"title": "Death Valley", "title_ar": null, "title_he": null, "title_en": "Death Valley", "subtitle": "Death Valley", "subtitle_ar": null, "subtitle_he": null, "subtitle_en": "Death Valley", "pin_type": "Detail Pin", "latitude": 56.369541425238936, "longitude": -28.898216569283505, "description": "Lorem Ipsum", "description_ar": null, "description_he": null, "description_en": "Lorem Ipsum", "category": "Combat", "category_ar": "جي تي ايه العبرية", "category_he": "מפת פארק אפטלינג", "category_en": "Combat", "subcategory": null, "subcategory_ar": null, "subcategory_he": null, "subcategory_en": null, "icon": "uploads/projects/GTA Arabic/icons/coffin_uncolored.png", "active_icon": "uploads/projects/GTA Arabic/icons/coffin_colored.png", "maxzoom": 5, "minzoom": 2, "project": 3, "location_image": "uploads/thumbnails/GTA Arabic/blood-rage.png", "accesibility_features": "{\"accesibility_features\":[]}", "more_info_link": null, "more_info_link_ar": null, "more_info_link_he": null, "more_info_link_en": null, "is_simple_pin": false}}, {"model": "main.pins", "pk": 30, "fields": {"title": "Ravine", "title_ar": null, "title_he": null, "title_en": "Ravine", "subtitle": "Ravine", "subtitle_ar": null, "subtitle_he": null, "subtitle_en": "Ravine", "pin_type": "Simple Icon", "latitude": -31.681325607328432, "longitude": -5.666317040919836, "description": "", "description_ar": null, "description_he": null, "description_en": "", "category": "", "category_ar": "", "category_he": "", "category_en": "", "subcategory": null, "subcategory_ar": null, "subcategory_he": null, "subcategory_en": null, "icon": "", "active_icon": "uploads/icons/axe_active.png", "maxzoom": 5, "minzoom": 2, "project": 3, "location_image": "default.png", "accesibility_features": "{\"accesibility_features\":[]}", "more_info_link": null, "more_info_link_ar": null, "more_info_link_he": null, "more_info_link_en": null, "is_simple_pin": false}}, {"model": "main.pins", "pk": 31, "fields": {"title": "Simple Text Forest", "title_ar": null, "title_he": null, "title_en": "Simple Text Forest", "subtitle": "Simple Text", "subtitle_ar": null, "subtitle_he": null, "subtitle_en": "Simple Text", "pin_type": "Simple Text", "latitude": -21.90227796666862, "longitude": 28.6962890625, "description": "", "description_ar": null, "description_he": null, "description_en": "", "category": "", "category_ar": "", "category_he": "", "category_en": "", "subcategory": null, "subcategory_ar": null, "subcategory_he": null, "subcategory_en": null, "icon": "", "active_icon": "uploads/icons/axe_active.png", "maxzoom": 5, "minzoom": 2, "project": 3, "location_image": "default.png", "accesibility_features": "{\"accesibility_features\":[]}", "more_info_link": null, "more_info_link_ar": null, "more_info_link_he": null, "more_info_link_en": null, "is_simple_pin": false}}, {"model": "main.pins", "pk": 32, "fields": {"title": "City Center", "title_ar": null, "title_he": null, "title_en": "City Center", "subtitle": "City Center", "subtitle_ar": null, "subtitle_he": null, "subtitle_en": "City Center", "pin_type": "Simple Text", "latitude": -65.78780329408087, "longitude": -14.165792523019917, "description": "", "description_ar": null, "description_he": null, "description_en": "", "category": "", "category_ar": "", "category_he": "", "category_en": "", "subcategory": null, "subcategory_ar": null, "subcategory_he": null, "subcategory_en": null, "icon": "", "active_icon": "uploads/icons/axe_active.png", "maxzoom": 5, "minzoom": 2, "project": 3, "location_image": "default.png", "accesibility_features": "{\"accesibility_features\":[]}", "more_info_link": null, "more_info_link_ar": null, "more_info_link_he": null, "more_info_link_en": null, "is_simple_pin": false}}, {"model": "main.pins", "pk": 33, "fields": {"title": "Lake Label", "title_ar": null, "title_he": null, "title_en": "Lake Label", "subtitle": "Lake Label", "subtitle_ar": null, "subtitle_he": null, "subtitle_en": "Lake Label", "pin_type": "Simple Icon", "latitude": 53.551486771099036, "longitude": 42.30850007529182, "description": "", "description_ar": null, "description_he": null, "description_en": "", "category": "Combat", "category_ar": "جي تي ايه العبرية", "category_he": "מפת פארק אפטלינג", "category_en": "Combat", "subcategory": null, "subcategory_ar": null, "subcategory_he": null, "subcategory_en": null, "icon": "uploads/projects/GTA Arabic/icons/coffin_uncolored.png", "active_icon": "uploads/projects/GTA Arabic/icons/coffin_colored.png", "maxzoom": 5, "minzoom": 2, "project": 3, "location_image": "default.png", "accesibility_features": "{\"accesibility_features\":[]}", "more_info_link": null, "more_info_link_ar": null, "more_info_link_he": null, "more_info_link_en": null, "is_simple_pin": false}}, {"model": "main.pins", "pk": 34, "fields": {"title": "Coffee Shop", "title_ar": null, "title_he": null, "title_en": "Coffee Shop", "subtitle": "Coffee Shop", "subtitle_ar": null, "subtitle_he": null, "subtitle_en": "Coffee Shop", "pin_type": "Simple Icon", "latitude": 35.14877686481019, "longitude": -47.97481704966296, "description": "", "description_ar": null, "description_he": null, "description_en": "", "category": "icon_coffee", "category_ar": "", "category_he": "", "category_en": "icon_coffee", "subcategory": null, "subcategory_ar": null, "subcategory_he": null, "subcategory_en": null, "icon": "uploads/icons/GTA Arabic/tent_icon.png", "active_icon": "uploads/icons/axe_active.png", "maxzoom": 5, "minzoom": 2, "project": 3, "location_image": "default.png", "accesibility_features": "{\"accesibility_features\":[]}", "more_info_link": null, "more_info_link_ar": null, "more_info_link_he": null, "more_info_link_en": null, "is_simple_pin": false}}, {"model": "main.pins", "pk": 35, "fields": {"title": "Coffin", "title_ar": null, "title_he": null, "title_en": "Coffin", "subtitle": "Coffin", "subtitle_ar": null, "subtitle_he": null, "subtitle_en": "Coffin", "pin_type": "Detail Pin", "latitude": 72.57361945919635, "longitude": -0.4219059435558279, "description": "Coffin", "description_ar": null, "description_he": null, "description_en": "Coffin", "category": "Combat", "category_ar": "جي تي ايه العبرية", "category_he": "מפת פארק אפטלינג", "category_en": "Combat", "subcategory": null, "subcategory_ar": null, "subcategory_he": null, "subcategory_en": null, "icon": "uploads/projects/GTA Arabic/icons/coffin_uncolored.png", "active_icon": "uploads/projects/GTA Arabic/icons/coffin_colored.png", "maxzoom": 5, "minzoom": 2, "project": 3, "location_image": "default.png", "accesibility_features": "{\"accesibility_features\":[{\"title\":\"attention\",\"icon\":\"uploads/icons/attention_QI1J1XV.svg\"},{\"title\":\"readbility\",\"icon\":\"uploads/icons/Readibility-icon_LI9Ug62.svg\"}]}", "more_info_link": null, "more_info_link_ar": null, "more_info_link_he": null, "more_info_link_en": null, "is_simple_pin": false}}]